,id,comments,n_comments
200,1063831694,"Only backers can post comments. Log in
Bambi Lewis
over 7 years ago
Beautiful snowflakes, Lysette! I've never seen anything like them and recall seeing several hanging in our appartment, almost like a mobil......I can't wait to get mine. Will definitely buy more!",1
201,224613880,"Only backers can post comments. Log in
Richard Farrow
over 1 year ago
Well done, can't wait to see the finished work.",1
202,533822477,"Only backers can post comments. Log in
No comments yet.",0
203,14197088,"Only backers can post comments. Log in
No comments yet.",0
204,1997143605,"Only backers can post comments. Log in
No comments yet.",0
205,1994676221,"Only backers can post comments. Log in
No comments yet.",0
206,1249729140,"Only backers can post comments. Log in
Parker Knowles
almost 6 years ago
A project so ambitious and passionate is not easy to finance. This documentary absolutely fills both of those categories. Give the trailer a watch - or three - and get a peek at just how beautiful this film is in both essence and execution. If it moved you, please fund my friends; they dedicate hours of their day, nearly every day, just to make others happy. More importantly, contribute to Adrian's story. A donation of any size would mean the world to him.
Just three days to go - it's up to you to make this a reality. I'm hopeful. Spare yourself a few trips to the coffee shop and spread some love instead.
Glo Babcock
almost 6 years ago
I absolutely love this project , got do many reasons . It needs to be done to share with the world! Courage,integrity and fortitude .",2
207,2130531067,"Only backers can post comments. Log in
Sebastian LevensonSuperbacker
5 months ago
Miles anything at all?
Showing 3 of 4 replies
Load previous replies
Sebastian LevensonSuperbacker
5 months ago
Miles Iâ€™m sorry Iâ€™m a bit confused, why does this Kickstarter only come to me if the other Kickstarter is successful? Iâ€™ve backed all your stuff before and have never been disappointed with your work but the way youâ€™ve approached this Kickstarter is honesty disheartening.
Miles GrebCreator
5 months ago
Do not worry that is not what is happening - Puc the Artist is going to be printed no matter what. I am not sure if you read the digital copy I released, but it's a huge chunk of the story, there is a ton of work done on this book. After we made the call to make it more then 66 pages, it was going to take a bit more time to get done. This year has been crazy for me, and I am sure many, and when it getting around time to print the book it became clearly to me it was going to save me a ton of money and hassle to print it at the same time as ATGR. That does not mean it only gets printed if ATGR does well. I will still print it if it should fail. It's just with not being able to work, and there not being comic cons I have very little income this year. Saving around $3000 printing them together is something I just have to do if I can. I understand it makes the wait longer, and that sucks. I want the book out too, Garret and I are dying to share this story. But please don't worry, you will get your book and you will be getting way more pages then you paid for I promise
Sebastian LevensonSuperbacker
5 months ago
Okay Miles, I appreciate you taking the time to send me all this. I honestly feel much better about this now - love your work and you always have a supporter in me so look forward to finally seeing it in hand. Have a nice night
Sebastian LevensonSuperbacker
9 months ago
Miles, I think it's more than fair to say we have been very patient with any updates. I believe at this point, we are more than entitled to some sort of progress news for the comic. Again, anything you could let us know about would mean a lot.
Thank you, and hope you are well
John NacinovichSuperbacker
10 months ago
Any updates to share?
Sebastian LevensonSuperbacker
10 months ago
Hi Miles, wanted to circle back again. Are there any updates?
Hope you're doing well with everything going on
Sebastian LevensonSuperbacker
12 months ago
Morning Miles,
Hope you're doing well with everything going on right now.
Circling back on this, any update at all would be appreciated
Sebastian LevensonSuperbacker
about 1 year ago
Hi Miles,
Just checking in, I'm sure everyone would like a small update. Even a minor one would help us feel a bit better
John NacinovichSuperbacker
about 1 year ago
Any news about the project that you care to share?
John NacinovichSuperbacker
over 1 year ago
Any updates you can share about the project?
Aaron Zsoldos & Emely PulSuperbacker
over 1 year ago
Update please!
Janeace Liles
over 1 year ago
Just wanted to check on the status for this and potential delivery timeframe.
Thank you!
Sebastian LevensonSuperbacker
over 1 year ago
Hey Miles,
Hope all is well with the project - was wondering about the deliveries and if you think June is still in the time frame (I think that was the set delivery time?). So looking forward to it!
Bart KuiperSuperbacker
over 2 years ago
can't believe we didn't make the strechgoals to make it 122 pages.......
I thought it was gonna be easy. Real shame.
Miles GrebCreator
over 2 years ago
Yeah would have been nice. Thank you for believing in the project though. Maybe if people really enjoy the start of the story, we can hit that next time and make a really big book!",17
208,1830687713,"Only backers can post comments. Log in
No comments yet.",0
209,1866731797,"Only backers can post comments. Log in
Kriston Zeigler
over 1 year ago
Oh wait, I was mistaken on my perks. Ignore me.
Kriston Zeigler
over 1 year ago
I just realized that I backed this years ago and never received any of the perks I paid for. Damn.
Stuart Denyer
over 2 years ago
It's fascinating to go back through Kickstarters that didn't quite pan out, although at least this one got made.
Another backer who never got the DVD -- but did catch it on Netflix, and this has reminded me to download a copy. Can live with that. Thought it was a decent, eclectic watch that covered some of the history I wasn't expecting.
Michelle Nicole
almost 3 years ago
Hi there - I still haven't gotten my reward either
Marius Fagerholt Haavseth
over 3 years ago
Still waiting for patch and DVD....
Andreas
almost 4 years ago
Hi, I'm a 35 CA$ Backer, did not get anything of the pledge until now, wrote 2 Mails to you (and got 2 replys (we were busy bla blah...)), found the digital Edition for 24$ at amazon.com. Guys... really. Are you kidding me? I'm really anoyed about this situation. But wait, here's my suggestion: Take my money and don't send me anything. This campaign is realy a mess. Would I have known this, I had spend the money to my two kids as out-of-band pocket money.
Martin Eriksson
about 4 years ago
Hi! I have received the digital download, thanks! But I'm still waiting for my reward (Book + DVD) and haven't received any info about it being sent. Any news?
Matt Goble
about 4 years ago
Still waiting for the DVD in the UK - A little disappointing that a Blu-ray is available to everyone for less than I pledged for the DVD.
Simon ESBÃ‰ Bergeron
about 4 years ago
Hello, I've been wondering if my pledge was sent? I have no idea what happened and had the time to buy the blu-ray on Amazon and receive it and still nothing from my pledge (t-shirt and DVD)... Not complaining, just wondering where things are at this point?
Aaron Mutter
over 4 years ago
OK, first off, I'd like to give these guys an apology, was not aware of what was occurring in their lives when last i posted, the makers of this have clarified and answered any and all questions i had dealing with backing and so far. That being said, i want to give congrats to the new daddy on the ghost heads team. As well, had i known about this i never even would have inquired or been angry. I'm sure my stuff is enroute and I'll soon be able to share pics
Many thanks guys and i hope i didn't ruin any of your days with my tirade. We all have been burned on kickstarter before, but thankfully not in this case. , Aaron'the Rookie' Mutter
Ken Mennell
over 4 years ago
Received mine today - Toledo OH =)
Joseph PhilipsSuperbacker
over 4 years ago
I got my DVD. I can't wait to watch it. :)
Jay ""You never even had a Slinky?"" RossSuperbacker
over 4 years ago
Can we please have an official update?
frankie smales
over 4 years ago
I got my copy of the documentary I was so excited of receiving
it and I will treasure forever .
Frankie Holtzmann Smales
Winston KouSuperbacker
over 4 years ago
Hi,
I was 1 of 7 backers for the limited autograph license plate. Did anyone received theirs? Thanks
Marius Fagerholt Haavseth
over 4 years ago
I backed this Project through both Indiegogo and Kickstarter. On Indiegogo I backed for a digital download and a patch, and here for the DVD (although I would've preferred a blu-ray, had that been an option).
Read further Down that patches would be recieved in October.
I am still waiting for all my ""perks"" from pledging...
casey johnson
over 4 years ago
You'd think they'd post here telling us that.
Dustin Kiehnau
over 4 years ago
Spoke with Brendan, evidently they are behind schedule but still fulfilling rewards.
Dustin Kiehnau
over 4 years ago
Apparently I'm not the only one that hasn't received their copy. Great. Where's my refund???
Aaron Mutter
over 4 years ago
HMM ok fellow backers that have received nothing please feel free to contact me at my FB page and I think I know what our next option is going to be, and I am not happy about it, but I also feel no choice was left. I am very disappointed in the lack of communication involved
Aaron Mutter
over 4 years ago
Guys, I am moving from my address this Tuesday without a clue how to update my address, but from the comments I see here, I kind of am getting very cross with whats is happening, and have never received anything, seriously I have been more than patient so contact me please.
Dave Shiffler
over 4 years ago
Any kind of update would be great at this point... Starting to feel a bit forgotten. Love you guys and the movie, but seriously we would have liked our stuff before seeing it on Netflix, let alone Amazon. I mean I did not even bother looking into my digital download since I have Netflix. I also would have signed up for Blu-ray if we would have known that format was going to be available. Just let us know what the status is. Please.
Damon E. Breland
over 4 years ago
What a rip off. Everyone on the street can order a Blu Ray copy but the backers still haven't received anything! Note to self never support Kickstarter again.
Jonathan Maldonado
over 4 years ago
Hey guys! Congrats on the award win and the DVD release!
Looking forward to getting the patch so I can spread the word!
Ken Mennell
over 4 years ago
Thanks for the update. Carry on. I look forward to the DVDs when shipped.
Showing 25 of 79 comments
Load more",79
210,1942440455,"Only backers can post comments. Log in
No comments yet.",0
211,873439195,"Only backers can post comments. Log in
Amanda LeeSuperbacker
over 2 years ago
Received my package today. Thank you!
Carrie Hewell
over 2 years ago
Absolutely FANTASTIC! I just received my copy of Forgotten Roots and I didn't realize how gorgeous the print work would be. The book and paperstock feel great and while I love the web version of the comic, the paperback is absolutely gorgeous and an experience all it's own <3
Tony Caline
over 2 years ago
Congratulations !!
TheYaoiCollection_On Ebay
over 2 years ago
Such a wonderful surprise to discover this. I absolutely love the art as well as the premise, not to mention the inclusion of characters rarely found in comics. I am a huge fan of BL/yaoi and this will be an excellent addition to the collection. Congratulations on getting funded and I cannot wait to see it all come together. Thank you for sharing all your hard work and talent; you've picked up a brand-new fan. Love and support to you!
Amanda LeeSuperbacker
over 2 years ago
So glad to see this being funded in just a few days. Congrats.",5
212,107548254,"Only backers can post comments. Log in
David BrownlessSuperbacker
10 months ago
Loved the film, love the tee and pin too. And when I can finally shop for a frame for the poster that's going up on the wall first thing. My wife *will* be pleased (some sorcery may be required)!
Lurker FilmsCreator
10 months ago
Fantastic!
Geoff Groff
11 months ago
I just received my t-shirt and pin and quite happy with them.
If I am correct, the digital rewards are not yet released?
Lurker FilmsCreator
10 months ago
Geoff check your kickstarter emails you should have received a link.
David Sayers
about 1 year ago
Hey, did I missed something? Have the digital rewards (PDF of the script, digital poster, etc.) ever been released?
Lurker FilmsCreator
about 1 year ago
Hi David,
For those who had digital only pledges, I will be sending out another email to the electronic share using the email I have for you from the Kickstarter pledge. Trying to use Google Drive with authenticated emails but this may not have worked for everyone. If you had a different pledge level you will get access when we fulfill the rest of the reward, Will post an update this weekend and emails have been sent.
Michael WildSuperbacker
over 1 year ago
Yes, saw it at HPL Film Festival! Excellent!
Lurker FilmsCreator
over 1 year ago
Glad you got to see it at the theatre! But in my humble opinion it best seend in a chamber with a high ceiling, ideally with a stone floor, full of moving shadows cast by a wood-fire that flickers on a great hearth... and of course your daemon familiar in a jar next to your throne chair. But that is just me.
Henry Eshleman
over 1 year ago
Just saw the film on the stream the HPL Film Festival put up.
I am so, so happy with what you guys produced. It's lovely.
Lurker FilmsCreator
over 1 year ago
Thank you!
Henry Eshleman
over 1 year ago
There. That should about do it.
Lurker FilmsCreator
over 1 year ago
Thanks Kaylen for sharing! Let us now when it gets released.
Kaylen Wheeler
over 1 year ago
I really love this story. In fact my band, Harbinger of Storms, has a song called Nylissa based on it, which will probably be recorded by end-of-year.
(Not to be confused with the ""Nylissa"" song by the band Malygris.)
Lurker FilmsCreator
over 1 year ago
Thanks David for the kind words! As we get get closer to our goal we will look at doing add-ons and stretch goals. Stay tuned! cheers
David
over 1 year ago
This looks great! I've always loved CAS's writings, and I'm looking forward to seeing the final product of your film!
Will any of the rewards be available as ""add-on"" to lower level pledges?",15
213,1392581799,"Only backers can post comments. Log in
Oscar Gomez
about 1 month ago
PDF received! Thanks. Although the email does come from info.herrrabox@gmail.com, it shows up in my inbox as Joseph Damon. Just an FYI in case any one missed it.
Carlos Azevedo
about 1 month ago
YES! Thank you for the info, I searched for info@herrabox.com and got nothing. I searched Joseph Damon and FOUND IT in my trash folder. Thanks again for the info Oscar!
Oscar Gomez
about 1 month ago
Glad I could help Carlos!
Carlos Azevedo
about 1 month ago
Still no PDF! I checked for the info@herrerabox.com in my inbox, spam, and trash. Nothing. I double checked the survey and my email is correct
Oscar Gomez
about 1 month ago
Hi, wondering what I should look out for regarding the email with the pdfs. Will it be a backerkit email or another company sending it?
HerreraboxCreator
about 1 month ago
it will be coming from info@herrerabox.com as we did not use backer kit
William Holland
about 1 month ago
I thought that the PDFS were going out this week?
HerreraboxCreator
about 1 month ago
William -
Half the pdf's were already sent out and the remaining other half will go out Tuesday Feb 2nd, thanks
Carlos Azevedo
about 1 month ago
Have you received your PDF? Still waiting for mine.
Kenny WongSuperbacker
about 1 month ago
Hi Francisco, i def have not gotten the email still. Is there any way i can submit my info directly to you?
Ivan Bigotes
about 2 months ago
Hi, any update with the ebooks?
Showing 3 of 4 replies
Load previous replies
HerreraboxCreator
about 2 months ago
Ivan -
PDF's going out this week so stay tuned.
Ivan Bigotes
about 2 months ago
thaaanks so much :)
HerreraboxCreator
about 1 month ago
Ivan -
If you didn't receive your PDF last night, you will tonight as 100% of pdf's will be sent off by Tuesday February 2nd. - Thanks
Oscar Gomez
2 months ago
Hi, any update on the progress of this project?
HerreraboxCreator
about 2 months ago
Oscar -
As from the newest update you will find that the PDF's are going out this week.The physical rewards will not ship until March as stated in the project, but once we have move through each phase we will be updating. Im sure it will be a week or two till we get physical copies to approve, so bear with us. Thanks
Daniel Salcedo
2 months ago
Hola, solo querÃ­a saber si los pdf y los paquetes ya fueron enviados :)
Muchas gracias y feliz aÃ±o !!
Oscar Gomez
2 months ago
Hello, and Feliz Navidad, I hope that you guys had a good one. Reaching out to see if any pdfs have been sent out or is that on hold until after the new year. In any case hope you and your have a happy and better 2021. Looking forward to these!
Kenny WongSuperbacker
3 months ago
Just wanted to update you that I still havenâ€™t gotten my survey kit. Is there any way i can send it to you via messaging?
Kenny WongSuperbacker
3 months ago
Hi, i havenâ€™t gotten my backerkit survey.
HerreraboxCreator
about 2 months ago
Kenny -
All surveys went out a week after the project funded. Please check your email you supplied as we still need 21 surveys and im assuming one of those s yours. Thanks
Jonathan Williams
3 months ago
Helloo, when trying to input my email for the survey it just hangs and wont submit ðŸ˜­ i dont see any other questions on there to fill out so Iâ€™m struggling! Any help would be great!
HerreraboxCreator
3 months ago
Let me look into this issue with kickstarter to see how to resolve as it will be an issue for all backers
HerreraboxCreator
about 2 months ago
Jonathan -
other people had this problem that you may be using an old kickstarter as they have updated and fixed these bugs and or you also replying off something that blocks you. Other backers had sam issue and fixed the issue.
Thanks
Ivan Bigotes
3 months ago
Hi, IÂ´m a baker from the digital books 1 and 2, When and how will you send it?
Thanks
HerreraboxCreator
3 months ago
First week of January the Digital Deluxe PDF will be emailed out.
This person has canceled their pledge. Show the comment.
Udo Erhart
4 months ago
Hi, i backed one of the Sets with a signed cell. Which series/films are these cells from?
HerreraboxCreator
4 months ago
There were cels created for older books/properties by Francisco and its those(Magic Box Books A & B;Bitten).
This person has canceled their pledge. Show the comment.
This person has canceled their pledge. Show the comment.
HerreraboxCreator
4 months ago
Everything that is in the 2 new Retrobox HC books is completely new content. There are a pg or two that will show the lineart of previously rendered images and or thumbnails for some pieces, but no repeat of content ever used in Sketchbook,Magicbox or Looney Box.
Anthony Perez
4 months ago
I picked up your Bubble Pink vinyl while walking by a store on Melrose a long time ago. Love your work. Wish I could afford the figure but Iâ€™ll settle for the books. Thank you.
HerreraboxCreator
4 months ago
Thanks for backing the campaign. Stay tuned a lot more great artwork from the books to be shown through the next 29 days.
Alejandro AlbaSuperbacker
4 months ago
Does the retro box #6 with the signed cell come with the books signed as well?
HerreraboxCreator
4 months ago
Unfortunately only the animation cell comes signed in that Reward.",37
214,857136022,"Only backers can post comments. Log in
Ann Jones
almost 2 years ago
You go girlfriend... your dream is going to become a reality!
Laura Seeley
almost 2 years ago
Looks like a huge winner, dear Cori! Can't wait to see this beautiful book come to a reality!",2
215,1141988704,"Only backers can post comments. Log in
Chris P Spatgen
over 7 years ago
Received CD and Bumper Sticker today!
Chad Britt
over 7 years ago
I have lived in San Antonio for four years now. My wife and I are both music educators. We both love that someone in SA is doing something amazing with music! I'm so glad that you got backed 100% I'm excited to hear your entire album. I only wish I could have contributed the max amount. Keep going!!! I love the idea of the combo of rock and chant!
Dale BenedictCreator
over 7 years ago
Alexander, woo hoo indeed!
Coffee, that's cool about your choir. I'm stoked as well!
Wouldn't be funded without you.
Coffee Cup
over 7 years ago
Yay! Funded! I'm excited. I sang in a Latin chant choir for 5+ years, so I'm stoked for this project.
Alexander D Secary
over 7 years ago
woo hoo funded!
Grant Glewwe
over 7 years ago
You rock Dale! I'm looking forward to the album.
Dale BenedictCreator
over 7 years ago
I was planning on MP3, but if there is a demand for another file format, I will certainly accommodate. I will include album art and CD pamphlet (lyrics, credits, etc.).
Alexander D Secary
over 7 years ago
What format is the digital download going to be in (MP3, FLAC)? Also is it going to include the artwork and CD pamphlet in PDF? Great idea and thank you!",8
216,50141785,"Only backers can post comments. Log in
Llarry AmroseSuperbacker
11 months ago
Still excitedly awaiting the T-shirt (and CD), while understanding that production/shipping are a little disrupted right now...
Have listened to the album (download) a couple of times and really enjoyed it.
Tech01
11 months ago
Same, but a little disturbed by the total void in communication/updates.
Victoria Ann Van ArnamCreator
11 months ago
Howdy folks, as you can imagine things ground to a halt on my end. My deepest apologies for the lack of communication. The packages for tiers ""Thank You,"" ""Album and Shirt,"" ""Best of TLV,"" and ""Tranquil Tones Albums"" will be shipping Monday. ""Getting Physical USB"" and ""Total Package"" Will be shipping shortly after.
Tech01
11 months ago
Any updates? Last one was February 27th.",4
217,2093330865,"Only backers can post comments. Log in
Philip Clements
about 1 year ago
I suppose the posters arenâ€™t happening, which is a shame. Please donâ€™t do another update getting our hopes up when all you wanted was support for another project.
John Nada
over 1 year ago
Any word on them posters? Itâ€™s been three months since the last update. Not gonna back another project till I get the poster.
Matt Goble
over 1 year ago
No sign of a poster here either. I really don't understand how we go from 'They'll be shipped Monday' which was back in June, to nothing by the end of August. It appears that the only reason for a 'poster' update was to announce another project they wanted funding on.
Nick Bosse
over 1 year ago
I still havent recieved my signed poster, this is getting stupid!!!
I have sent you a message, please reply!!!
Matthew Stanosz
about 2 years ago
Any news on the posters? This is so old I can't even find th facebook posts a out them anymore. Another update and ongoing updates would be great until this is resolved. Thanks.
Gareth-Michael Skarka
about 2 years ago
It's now 2019. Can we get a detailed update on the signed posters, or, failing that, a refund of the difference in pledge costs?
Cult Screenings UK LtdCreator
over 2 years ago
Scammed is a very serious accusation.
The doc was made and released and has got amazing reviews - we released a doc that far surpasses what we intended to make.
As for the posters:
- they were made and signed by Tom when we were in LA shooting the doc
- we then had them signed by graham in the U.K. a couple of months later when we attended a show with him
- we were told they bad been shipped by a member of our team who was tasked with shipping the perks
- it soon became apparent that they had not and the member of the team was removed
- we investigated but as the posters never appeared on eBay or other selling sites it was hard to prove what had happened to them other than â€˜getting lostâ€™
- we decided to produce a limited edition poster with a signed foil sticker which would be better than the original poster
- these were sent to graham first (as we are U.K. based) and he returned them in June this year
- as we were going to LA in July we decided to take them direct to Tom and arranged to meet him (as we do every year)
- when we got to LA Tom had to leave on business and we left them with our LA contact who is a well known doc producer
- Tom agreed to resign and we are awaiting them to be signed
We are aware that this has taken a hell of a time and is unfair on those who have supported us - we can assure you that we are not scamming anyone and to suggest that would mean that we took money and pocketed it which is theft and is an extremely serious accusation to make in a public forum.
Please be patient for a little longer - we will continue to push and get them signed and shipped ASAP!
Gareth-Michael Skarka
over 2 years ago
I'm willing to give you guys the benefit of the doubt on this.
But the silence when asked via emails, facebook, etc. REALLY does not help. Plus the whole ""removing"" of the team member -- you haven't asked him to turn over the posters? Have you gone to the authorities? Because that IS theft -- seems like you'd want to recover your property.
Can you give us details on the new ""limited edition"" version? Size, etc.?
Philip Clements
over 2 years ago
Why did you not explain this sooner. People might have been more understanding. Whenever I asked about the posters, I was given a really vague reply. I feel like this is the first time I've understood whats been happening. Thank you for the update.
Robert Sommerfield
over 2 years ago
This is ridiculous. I will never back another project from you guys again. In MAY you said everything would be resolved by MID JULY! Well over 2 years now!? Come on!
Matt Goble
over 2 years ago
So... did anyone get those posters??
Philip Clements
over 2 years ago
No, I've asked a few times. It's a shame.
Robert Sommerfield
over 2 years ago
No these guys scammed us.
Gareth-Michael Skarka
almost 3 years ago
Update via email with CultScreenings:
""Graham has the posters now... he was given them last weekend. He said he would have them done within a week.
they will then go back to Tom in CA (should take a week, then 2 weeks to sign and return)
They will then be shipped. [...]
By Mid-July this whole issue will be resolved.""
Matt Goble
almost 3 years ago
Haha, just came here to post about the same update. Hopefully this will all get resolved now, although a shame they couldn't communicate through kickstarter directly with their backers.
Gareth-Michael Skarka
almost 3 years ago
A post from May 5th on the Facebook page: https://www.facebook.com/frightnightdoc/posts/2067543913318326
""It has come to our attention that the signed posters from the Kickstarter havenâ€™t arrived with pledgers despite the campaign being over 2 years ago!
We sincerely apologise for this and it seems that there has been a mix-up somewhere with the personnel who â€˜managedâ€™ our rewards.
We are confident that all tees and blu-rays arrived. We now handle all rewards and orders personally!
Weâ€™ll get a new batch of foiled autograph stickers sent to Tom to sign in the next few weeks after we see Graham on May 19th.
Apologies again and weâ€™ll update on here when we ship them.""
Unfortunately, this seems VERY familiar -- a lot like the update posted here in April of last year.
Matt Goble
almost 3 years ago
Wow, and there's my comment below asking for an update last June.
Even drop them a message via - https://www.facebook.com/DeadMouseUK/ - at the end of February, but no response.
Looks like they've moved on to the Robocop and Pennywise docs. Maybe worth an email to cultscreeningsuk@aol.co.uk
Gareth-Michael Skarka
almost 3 years ago
OK, it's now mid-April.
Can we please get a backer update sent out, with DETAILS about the signed posters that we pledged for?
Philip Clements
about 3 years ago
Hi, I never received my poster. Is there a delay, or maybe mine was lost in the post. Cheers
John Nada
over 3 years ago
Any word on them posters? Last update was in April.
Matt Goble
almost 4 years ago
Sorry to ask again, but whatever happened regarding the posters?
OA kalogridis
about 4 years ago
ok cool was curious about the posters too
Matt Goble
about 4 years ago
Thanks for the update!
Cult Screenings UK LtdCreator
about 4 years ago
New posters are coming once Tom can sign them
Don't worry
Matt Goble
about 4 years ago
Is anyone else still waiting for the posters? I've received the Blu-ray and have been loving it, but then remembered there was a signed poster as part of the pledge as well.
Pablo Macho Maysonet IV
about 4 years ago
January 9th and mine hasn't arrived in Los Angeles. Any information about delivery in the states?
Edgar Nava Garcia
about 4 years ago
It's January 4th 2017 and I have not yet received my blu-ray copy of the You're so cool Brewster documentary. Is there any way to know if it was shipped? A tracking number or something?
Ant
about 4 years ago
Watched it last night and really enjoyed it. Great work everyone, fabulous doco. It's a shame about the frame-rate snafu, but still an amazing release.
Philip Clements
over 4 years ago
Hi,
Just asking if the posters shipping at the same time as the dvds?
Cheers.
Showing 25 of 105 comments
Load more",108
218,550619736,"Only backers can post comments. Log in
This person has canceled their pledge. Show the comment.",1
219,455048556,"Only backers can post comments. Log in
No comments yet.",0
220,386421381,"Only backers can post comments. Log in
Rebecca MSuperbacker
29 days ago
I LOVE my pins! They are beautiful! Thank you so much!
Rebecca MSuperbacker
4 months ago
You posted that surveys have been sent but I did not get mine backer 38
Valerie TrainorCreator
4 months ago
I sent you a private message :) so weird you didn't receive it!",3
221,1144806801,"Only backers can post comments. Log in
No comments yet.",0
222,830230137,"Only backers can post comments. Log in
Jessica RickardssonSuperbacker
over 5 years ago
This project was really interesting and I am so sorry it wasn't funded. Would love information if you decide to continue the project in any other way.",1
223,719483618,"Only backers can post comments. Log in
No comments yet.",0
224,2124602398,"Only backers can post comments. Log in
Lee WerrinSuperbacker
over 1 year ago
Just finished reading this. Fabulous art, and great story that required some concentration, which I loved. Cannot wait to find out what happens next!
snon
over 1 year ago
Very nice Art, but for easier reading 2 smaller HC would have fitted better fÃ¼r me
And to be honest: I didn't understand the story -except maybe the ""flashback""? interim stories.
raizy
over 1 year ago
I also got mine today. I have to say I didn't expect something so big, but I absolutely love it. Great work!
Esa ErikssonSuperbacker
over 1 year ago
Got my package today. The book is beautiful and HUGE! Everyting arrived in perfect condition. Thank you!
Lee Sharp
over 1 year ago
Received mine today. Looks wonderful!
Aurora
over 1 year ago
Mine got here today! I'm so happy. It's even prettier in person! I'll definitely be keeping an eye out for your Alien Heart Kickstarter! :D
Ross PatersonSuperbacker
almost 2 years ago
Arrived today. Superb quality throughout.
Wayne Mathers
almost 2 years ago
My pledge arrived today!! Very pleased with how it was packaged together! The quality of this book is absolutely amazing! Iâ€™m so glad I backed this!! Will be following you to see what else you produce for Kickstarter!
Diane Smith
almost 2 years ago
Is this project using Hermes to ship? I have a concern about the address noted in my shipping confirmation email but I don't have the ability to update the address (I'm like 90% sure this is the project in question).
Anna FitzpatrickCreator
almost 2 years ago
Hi Diane,
Yep, using Hermes, what's the issue and I'll see if I can get it sorted out for you!
Diane Smith
almost 2 years ago
The house number is actually N10034 - just missing the first letter. :) Thank you!
Anna FitzpatrickCreator
almost 2 years ago
Ah, yep, I see that! Okay, I've had that changed for you, hopefully it'll get to you safe and sound!
Cate MSuperbacker
almost 2 years ago
Hi: congratulations on the printing success!
When might we expect the digital release?
TIA,
Catherine
Anna FitzpatrickCreator
almost 2 years ago
Thanks very much! All very exciting :D
The plan is to release the digital copies as soon as the physical rewards have shipped, which is all on schedule to be next Monday the 10th of June! :)
Brian
almost 2 years ago
Hey, how did the proof copy work out? Any updates?
Anna FitzpatrickCreator
almost 2 years ago
Hey Brian,
I'm in the midst of writing a big update on where we're at right now, but the summary is: The proof arrived, and it was gorgeous, but I found a bunch of spelling errors and other little things I wanted to amend that are only apparent on a finished product, I've made those amends and placed the order for the full load last week! They're due to arrive next Thursday :D
Tony SSuperbacker
over 2 years ago
This looks fantastic. I only found it this morning, so I'm glad I was in time to make a pledge. I don't normally go for the printed copies (postage to this side of the world is a killer), but I just had to for this one. I'm looking forward to it. Well done and thanks. Merry Christmas!
Camilo
over 2 years ago
HEYY!! I saw this project yesterday, today I read about it and instantly fall in love with it! can't wait to have it!! congratulations and thank you!!!
C.-
Anna FitzpatrickCreator
over 2 years ago
Woohoo! Ah I'm delighted you like it, I hope you fall in love even more when you get the book!
Priya Thomas
over 2 years ago
Wow! I really love this!! I cannot wait to read it! The graphics are absolutely beautiful. I adore fantasy and this looks perfect for me!
Priya x
Anna FitzpatrickCreator
over 2 years ago
Ah thank you so much Priya! I'm excited to put this all together! hehe!",21
225,1669757348,"Only backers can post comments. Log in
Pieter van Schaik
over 2 years ago
When will the photobook be delivered? During the campaign, the date mentioned was before Christmas 2017. We got continuously updates regarding new dates, but also early September has passed by since then. Would be happy to get the book by this year.
John GunnCreator
over 2 years ago
Hi Pieter, thanks for your message. Sincere apologies for the multiple delays. We're working hard to to get the books out as soon as possible and I've just sent an update out with more detail. You'll absolutely have the book this year and thank you so much for your ongoing patience. Best John
Jenn Jacques Steffen
over 2 years ago
So excited to see the final product!
Gloria
almost 4 years ago
Congratulations on your terrific journey and thanks for sharing and making us all part of it. I am truly looking forward to seeing the final prints, I can't wait to get my hands on them!",4
226,409903626,"Only backers can post comments. Log in
Angela Spontelli Gisselman
over 5 years ago
Go out, explore, and give to the world, Frankie and Emily! Know you always have a home here with us and we hope you land here sooner than later. I am confident, Frankie, that you would make Dad proud with your steps towards a company of your own. We love you.
""For it is in giving that we receive"" - St Francis
~ Your Big bro & Sis",1
227,153281041,"Only backers can post comments. Log in
PinHutCreator
5 months ago
@Linda: hi Linda, it is $9 for add-one across the board!
LindaSuperbacker
5 months ago
Do you add 9 or 11 for more pins on a EB tier?
This person has canceled their pledge. Show the comment.
This person has canceled their pledge. Show the comment.",4
228,687074374,"Only backers can post comments. Log in
Angie PuckettCreator
about 5 years ago
Thank you to all that donate! It means so much to me.",1
229,1508847683,"Only backers can post comments. Log in
Genevieve B. Robson
over 3 years ago
I was wondering when backers would get their rewards. I haven't gotten anything yet.
Julia Wykes
over 3 years ago
Hi there! I was wondering if there are any further updates on when we will be receiving our t-shirts?
Candy BeauchampSuperbacker
almost 5 years ago
Congrats! I was so excited when I saw this browsing one day. It's a film that really NEEDS to be made.
Catrina Lim
almost 5 years ago
Congrats! So glad I could be a part of such a great venture. To science!
Kathy
almost 5 years ago
Congratulations! Can't wait to see the progression and completion. Good Job Science Moms hope you are proud, of this accomplishment.
Freida A. Custodio
almost 5 years ago
I'm so excited that this is happening! I'm VERY happy to be part of it. SCIENCE!
C.S. John
almost 5 years ago
Just a little bit of support from like-minded folks at the Rational Parents' Forum on Facebook.
Mothy
almost 5 years ago
Congratulations Science Moms ï¿½ keep on scienceing.",8
230,1775951535,"Only backers can post comments. Log in
Mark B
over 1 year ago
Four years... and I still haven't received anything for my pledge.
pingla udit
about 5 years ago
Hi
i have retried loading my card and it declines again.Is there another system of payment.
Mark B
about 5 years ago
Congratulations, a great start!
Peter[Vincent]Smith
about 5 years ago
Thanks for completing phase one and looking forward to phase two in the New Year. Peter [Vincent] Smith
Lesley Levane
about 5 years ago
Over the moon and looking forward to seeing the film when it's ready. Good luck.
claire tidman
about 5 years ago
Yay! Well done. Good luck
Mick Costello
about 5 years ago
Congratulations on a good start. Merry Christmas and a Happy New Year to you and all in the team.
Margaret Ling
about 5 years ago
Well done all. Now the hard work begins. All the best, Margaret",8
231,1776846990,"Only backers can post comments. Log in
No comments yet.",0
232,868631388,"Only backers can post comments. Log in
Ottootto2010
about 5 years ago
If you have to create a new campain, tell us! :-)",1
233,2137074516,"Only backers can post comments. Log in
No comments yet.",0
234,216195376,"Only backers can post comments. Log in
No comments yet.",0
235,147701880,"Only backers can post comments. Log in
Karl King
over 3 years ago
Best wishes with this worthwhile project. You are visionary. Your work will help many people as they struggle to get off the streets.",1
236,2015929715,"Only backers can post comments. Log in
Steph ParkerSuperbacker
almost 3 years ago
My artwork arrived in South Australia today, it's beautiful. Thank you.
Gwen Taschner
almost 3 years ago
Any update on when we can expect things?
Steph ParkerSuperbacker
about 3 years ago
Congratulations on reaching the target. Your art will look its best.
Steph ParkerSuperbacker
about 3 years ago
OK. Thanks, just let me know what the postage is and I'll up my pledge to cover it.
Eden GassCreator
about 3 years ago
Sure Steph, I can do that! But for you, I'll ship to Australia if you cover the shipping...thanks so much for your interest and support!
Steph ParkerSuperbacker
about 3 years ago
As you're not posting to Australia, would it be possible to have my pledge as digital art? If not, I'll swap over to a 'No Reward' option.",6
237,2058181126,"Only backers can post comments. Log in
No comments yet.",0
238,1021544927,"Only backers can post comments. Log in
No comments yet.",0
239,47972144,"Only backers can post comments. Log in
No comments yet.",0
240,302938875,"Only backers can post comments. Log in
No comments yet.",0
241,450484943,"Only backers can post comments. Log in
No comments yet.",0
242,417110236,"Only backers can post comments. Log in
No comments yet.",0
243,1385413013,"Only backers can post comments. Log in
Morgan WesleySuperbacker
about 1 year ago
Why did I never get my comic? It's been 2 years. I'm not supporting you ever again.
David Froom JrSuperbacker
over 2 years ago
I still have yet to receive anything. Can I get an update please?
Kirk LindoCreator
over 2 years ago
Hi David, I just sent you a message with a reply about your books.
Mike BeckSuperbacker
over 2 years ago
My HC arrived today! Thanks Kirk!
-Mike
Kirk LindoCreator
over 2 years ago
You're welcome, Mike.
Christian MendenhallSuperbacker
over 2 years ago
Got the digital downloads - a wonderful surprise! And so beautiful - fantastic work!!!
Kirk LindoCreator
over 2 years ago
Hey Christian, glad you like the work!
Andrew RadwaySuperbacker
over 2 years ago
I always receive my digital rewards on-time or early, the same goes with the physical copies I order. I always look forward to backing these projects.
Kirk LindoCreator
over 2 years ago
ANDREW! You are the MAN! Thank you so much for your many years of support.
DeZinnaSuperbacker
almost 3 years ago
Increased $25 for deck of cards",10
244,1336986834,"Only backers can post comments. Log in
No comments yet.",0
245,638870228,"Only backers can post comments. Log in
No comments yet.",0
246,2100686047,"Only backers can post comments. Log in
No comments yet.",0
247,389068090,"Only backers can post comments. Log in
FantaCo Enterprises LLCCreator
over 1 year ago
We all appreciate your comments Hiram!!!
Brandon put hundreds of hours into the complex design of the coins.
ENJOY and have a great weekend!!!
The FantaCo Staff
Brandon ViruetCollaboratorSuperbacker
over 1 year ago
Welllll, more like dozens of hours. ;)
But certainly hundreds of hours of sweating bullets waiting for each remake... one day, we'll all laugh about it!
Hiram G WellsSuperbacker
over 1 year ago
Got my coin and it is far more than a typical challenge coin. Thanks for not settling for anything less than the best.
Brandon ViruetCollaboratorSuperbacker
over 1 year ago
Thanks for the kudos, you are very welcome!
FantaCo Enterprises LLCCreator
over 1 year ago
Thanks for posting Anthony and we are so happy you like your reward!!!
Brandon put his heart and soul into these coins and although we are very late due to the manufacturer, we hope that everyone will love adding these unique items to their NOTLD collections.
Thanks for your extreme patience and thanks for being a backer!!!
Tom
Anthony Costner
over 1 year ago
My coin just arrived and I must say it was very much worth the wait.Thank you Brandon.Awesome job from start to finish.Hope you can get the Living Dead London going.I for one will be there.Until then take care.
Brandon ViruetCollaboratorSuperbacker
over 1 year ago
Thanks man, glad you like it!
Jay rizzo (jason gazaille)
almost 2 years ago
How do i message about change of address
Brandon ViruetCollaboratorSuperbacker
almost 2 years ago
There's a link on the creator page. But just check your email, I'm emailing you right now... :)
Anthony Costner
almost 2 years ago
Any new news on the coin?
Brandon ViruetCollaboratorSuperbacker
almost 2 years ago
Indeed there is! I plan on posting an update tomorrow with the final 3D renders they sent me for approval (which I did subsequently approve) and a timeframe. But if anyone reads this before then, they will find out that the coins are expected to be in my hands the week of the 27th, and I will likely get the packing going that weekend with shipping starting on the 3rd of June. Obviously, folks that opted to wait on the full package will get theirs first, but the shipping shouldn't take much longer than 2-3 days...
DavidSuperbacker
almost 2 years ago
C or D for the coin.
Jay rizzo (jason gazaille)
almost 2 years ago
I like A for the coin
Anthony Costner
almost 2 years ago
I am happy to report that my pledge arrived today 8 April 2019 safe and sound. Could not not been a better day for it to make it home.A dark and stormy day seemed just right for a Night OF The LIVING Dead reward.Super pleased with the package.
Brandon ViruetCollaboratorSuperbacker
almost 2 years ago
That's awesome Anthony, glad the post office finally figured out where you live, LOL! There's a brief update on the coin coming in about 15 minutes...
Anthony Costner
almost 2 years ago
Hey Brandon that sounds great.
Brandon ViruetCollaboratorSuperbacker
almost 2 years ago
Hey all! Just thought I'd drop in here with a non-update update. There seems to be a backlog in the 3D department at the coin manufacturer, so they won't be getting me the 3D render of Bill's face until middle of next week. Shortly after that, I will post a voting update!
Anthony Costner
almost 2 years ago
Thank you Brandon
Anthony Costner
almost 2 years ago
Any news on the coin?
Brandon ViruetCollaboratorSuperbacker
almost 2 years ago
Hey Anthony, sorry I missed that earlier question. Yes, the coin manufacturer is currently reviewing the files and once they have given us the greenlight, we will post an update so that you fine folks can vote on the version you prefer. Hopefully, aforementioned update will go up tomorrow, but for sure by Friday!
Anthony Costner
almost 2 years ago
Any new news?
Anthony Costner
about 2 years ago
Any new news on the coin?
Brandon ViruetCollaboratorSuperbacker
about 2 years ago
We are hoping to hear back from Image 10 this week. Once we have final approval from them, we will post the two final designs for all of you backers to decide which one goes to production!
Steve Nestingen-PalmSuperbacker
about 2 years ago
Wow! Great product, very happy with how it turned out, well worth the wait.
Don
about 2 years ago
What's going on with the coin?
Brandon ViruetCollaboratorSuperbacker
about 2 years ago
Hey Don, there's an update in the works for later today. Stay tuned!
Anthony Costner
about 2 years ago
Tracking number received.Looking forward to reading and adding this book to the collection.
FantaCo Enterprises LLCCreator
about 2 years ago
Awesome, I hope you enjoy it!
Don
about 2 years ago
Have received nothing, no emails, updates anything at this point would be nice
FantaCo Enterprises LLCCreator
about 2 years ago
Don, that's not entirely accurate. You replied to an email I sent you Dec 29th about signature requests that specifically said I would start shipping your backer level around Jan 4th. I am hand inserting signatures at backer request, so that takes a little time. Your package will definitely go out this week though, sans coin.
We are still having issues with the coin, but there's a resolution on the horizon. Expect an update on that within the next couple of days!
Thanks for hanging in there, it's been a tough road on this end, but we're almost there and I'm fairly certain you'll find it was worth the wait!
T RipkaSuperbacker
about 2 years ago
Just got a tracking number. I am so excited for this to come
FantaCo Enterprises LLCCreator
about 2 years ago
And we're excited for you to get it!
Jennifer Williams
about 2 years ago
I havenâ€™t seen anything lately. Any news ?
DavidSuperbacker
about 2 years ago
Still waiting on mine. Havenâ€™t received a shipping notification either. Canâ€™t wait to get it!! :)
FantaCo Enterprises LLCCreator
about 2 years ago
It's coming soon... I'll be emailing your reward tier within the next 24 hours, be sure to keep an eye on your messages!
Jason
about 2 years ago
Received my copy, and it arrived with the spine split in two. :(
FantaCo Enterprises LLCCreator
about 2 years ago
That's not how it was intended to arrive :(
Please message me photos of the damaged book (and the package if possible. There's plenty of cushioning, so unless they ran it over with a truck, I'm not sure how that could have happened). We'll get it sorted though, I'll watch for your message!
Thomas EstepSuperbacker
about 2 years ago
Received my package last night.
Must say, it's a beaut.
Everything looks great, thanks for all the work you guys have put into it.
Happy holidays & NY......
Cheers.......................
FantaCo Enterprises LLCCreator
about 2 years ago
Thanks man, it was a labor of love. Glad to hear you enjoyed it and that it got there safely!
Sean McCormack
over 2 years ago
Any word on backers copies?
Showing 25 of 49 comments
Load more",64
248,1924722919,"Only backers can post comments. Log in
Alison Cuthbert
about 5 years ago
We are inspired by your bravery and vulnerability!
Claire McCracken
about 5 years ago
Way to go, Connor! Let's reach $4,000.",2
249,1257551867,"Only backers can post comments. Log in
No comments yet.",0
250,1583901044,"Only backers can post comments. Log in
Albert Herrera Yafari
about 2 years ago
Hey! Any chance of having shipping outside the UK available? I'd like to pledge for the signed wall mount but I live in Spain!
I truly do hope this campaign is successful!
LeakeyStudiosCreator
about 2 years ago
Thank you for your interest. Yes I am sure we could work something out!",2
251,2015928411,"Only backers can post comments. Log in
Brian WeibelerSuperbacker
about 2 years ago
Any updates?
Robin AllenSuperbacker
over 2 years ago
Onward and Wayward!!",2
252,24396411,"Only backers can post comments. Log in
PlayingWithPerlersCreatorSuperbacker
6 months ago
They will. I will add a photo of the backing card to the page ðŸ˜„ it will also come protected in a baggie as well!
PledgerSuperbacker
6 months ago
Will these come on a card backing?",2
253,1648437585,"Only backers can post comments. Log in
No comments yet.",0
254,1976282006,"Only backers can post comments. Log in
Nik W
19 days ago
Hi! Just wanted to let you know that I love my Sketch Wallet! The packaging was so beautiful that Iâ€™ve repurposed it to hold some postcard sized watercolour paper I cut. Itâ€™s the perfect size for my handbag and it looks and feels wonderful to use! I am currently attempting to make a couple of watercolour journals from Arches and Fabriano Artistico to fit in my Sketch Wallet so I can use it to paint in on the go. Iâ€™m so glad I opted for the Tahoe Blue colour. It makes me happy every time I get it out to sketch. Well done!
Ralph ThomasCreator
19 days ago
Thanks Nicole! That made my day. You may be interested in my latest post. I found some amazing watercolor and multimedia paper that fits the original size 2.0 wallets. I believe you got that size so it would work for your wallet. But, I always love to see artists make custom books for their wallet :-)
Chris McGrory
about 1 month ago
Hi Ralph, received the missing pencils this morning, many thanks for sorting and thanks again for the excellent sketch wallet!
Seraph HowesSuperbacker
about 2 months ago
Has the quality of the blank sketchbooks changed? Besides the front not being embossed the paper seems thinner than the one I received as a single with the wallet.
Otherwise the wallet is beautiful and tons of space, Iâ€™ve already had a few friends see it and want one of their own. The toned paper sketchbooks are also really nice.
Will lined and gridded sketchbooks become available for the large size wallet at some point?
Ralph ThomasCreator
about 2 months ago
Hello! The quality of the paper should be the same but if the covers are smooth laminated it means you received the previous version by mistake. All the original size covers should be an embossed synthetic material. We're happy to send you out the correct ones if you like. Thanks for the kind words and sharing out product with others. We're currently trying to figure out UK distribution so you can get our stuff faster and cheaper shipping. Lined books may be awhile before we are back in stock but the original size has lots of books that fit that size. Moleskine Cahiers are a good option.
Aaron Zsoldos & Emely PulSuperbacker
2 months ago
Arrived in Canada. Really happy with the quality.
Ralph ThomasCreator
2 months ago
Glad to hear it!
Ryan Barnes
2 months ago
I just picked mine up from the post office today! Super excited! I am surprised at how good the quality is in not only the wallets but the sketchbook too!
Ralph ThomasCreator
2 months ago
Thanks Ryan!
Chris McGrory
2 months ago
Hey, I received my order today however I had added in the short pencils for $4 and they werenâ€™t included in the package. Everything else is amazing though, thank you!
Ralph ThomasCreator
2 months ago
Snap! I'll mail some today!
Richard Coggle
2 months ago
Thanks Ralph, much appreciated. Let me know where to post the other one back.
Ralph ThomasCreator
2 months ago
I'll send a return label with the new wallet :-)
Richard Coggle
2 months ago
Hello,
Received mine today - unfortunately the wrong size was shipped. Received the small one but pledge was for medium size :(
Ralph ThomasCreator
2 months ago
Snap! It's hard to get good free child labor anymore ;-) My son is fired! (he wishes) I'll send out the right one asap!
junior esquivel
3 months ago
Thank you!! Itâ€™s great!
Corinna
3 months ago
Hi,
Still donâ€™t get my tracking number
Please help
Ralph ThomasCreator
3 months ago
Just emailed the tracking info :-)
Sharon Woodward
3 months ago
Any idea when they might get to the UK? Was supposed to be a birthday present...now I don't even know of it'll be a Christmas present...!!
Ralph ThomasCreator
3 months ago
Hi Sharon, yours has shipped but since you're in the UK it probably won't make it in time for Christmas :-( Sorry!
Bobby Santistevan
3 months ago
How much longer ?
Ralph ThomasCreator
3 months ago
Yours shipped but not sure off the top of my head how long it usually takes to get to Norway.
Caleb
3 months ago
Will they come before Christmas?
Ralph ThomasCreator
3 months ago
Check your mailbox, delivered today :-)
Sandie (isandie)
3 months ago
Got my sketch wallet!!! I thought we were getting a sticker? There was a cool clip/page marker...maybe that was instead of a sticker and I missed that update?
Ralph ThomasCreator
3 months ago
Oh no! I'll send one
Micky
4 months ago
So excited !
Caleb
4 months ago
Should the wallets be arriving within the next couple of days?
Ralph ThomasCreator
4 months ago
It's supposed to be in LA today! I'll post an update when I know more.
Brandt Robinson
4 months ago
I still haven't got my survey yet
Ralph ThomasCreator
4 months ago
They all went out, not sure what happened. I'll DM you a direct link.
Christopher Magana
5 months ago
Just wanted to check in! Did shipping from the factory go well?
Ralph ThomasCreator
4 months ago
It's on its way!
Allen
5 months ago
I haven't gotten my survey yet, any reason why?
Ralph ThomasCreator
5 months ago
I'll DM you a link :-)
Julio Garcia Garcia
5 months ago
Hi. I didnâ€™t receive the survey. Checked spam, etc. any help?
Ralph ThomasCreator
5 months ago
I'll DM you a link :-)
Josh Cooley
5 months ago
I haven't received my survey yet. Even looked through my junk mail.
Ralph ThomasCreator
5 months ago
I'll DM you a link :-)
Josh Cooley
5 months ago
Done and done. Thank you for your lightning fast reply!
junior esquivel
5 months ago
Thank youðŸ™ðŸ½
Caleb
5 months ago
Will there be tracking information?
Ralph ThomasCreator
5 months ago
Backerkit says: tracking numbers are automatically added to each backerâ€™s survey. That doesn't sound like they're going to email the numbers but if you keep your survey link you can log in and check it.
junior esquivel
5 months ago
I messed up. I didnâ€™t get to finish it. When I tried to go back it said my link was expired. Could you send another please?
Thank you.
Ralph ThomasCreator
5 months ago
I'll DM you the link :-)
junior esquivel
5 months ago
I have not yet received my survey.
Ralph ThomasCreator
5 months ago
I'll message you the link.
Showing 25 of 58 comments
Load more",118
255,2122744710,"Only backers can post comments. Log in
No comments yet.",0
256,2002875238,"Only backers can post comments. Log in
diantha
over 9 years ago
Sharing the blues passion and sending you some support from amsterdan, holland. Good luck with the fundraisin'",1
257,723211882,"Only backers can post comments. Log in
Ann Mahoney
13 days ago
I Have still NOT received my badge but it says all badges sent!! can someone tell me what is happening please?
Ann Mahoney
about 2 months ago
I still have not received my badge either?
Michael SwertinskiSuperbacker
2 months ago
Got my pins today and they are beautiful!!! Thank you for such nice quality.
Pam Liberatore
3 months ago
I still have not received mine can you help me!
ShawnJSuperbacker
3 months ago
Arrived today in perfect shape. Couldnâ€™t be happier ðŸ‘",5
258,1449387060,"Only backers can post comments. Log in
Ivana McConnell
over 3 years ago
Hi Ryan,
I've still not received this. Is it possible to get a copy, or can I just have a refund if not? It was meant to be a birthday present last year :(
Catherine
almost 4 years ago
Hi Ryan, I haven't received my physical copy of the book yet. Can you update on the status of this project?
Owen RyanSuperbacker
about 4 years ago
I haven't received my copy yet. Has it shipped yet?
Ryan FukudaCreator
over 4 years ago
Hi Ivana! We received your address change and email address. We'll confirm via message, just in case it's not correct. Thank you!!!
Ivana McConnell
over 4 years ago
Hi Ryan,
I still didn't receive the confirmation above, and need to change an email address.
Ivana McConnell
over 4 years ago
Hi there,
I never got confirmation of an address change for shipping the physical copyâ€” any chance you could get in touch?
Owen RyanSuperbacker
over 4 years ago
Did you send out my tier in July? If so, I've yet to receive anything yet. Lost in the mail or has the ship date changed?
Ryan FukudaCreator
almost 5 years ago
Hi Owen, thank you for checking in with us. I can let you know that for your backer tier, we are rolling out perks starting in July and will have more details on what that looks like this upcoming week. We are also committed to updating everyone on the Kickstarter site more often. Thank you for your patience! We are so excited to share this with you!
Owen RyanSuperbacker
almost 5 years ago
Where is the update for new delivery dates you promised back in March?
Dig Ess Vargas
almost 5 years ago
I've since moved since I confirmed my address. Is there a way to re-confirm my new address for perk delivery?
Edward WellmanSuperbacker
over 5 years ago
Goallllllllllllllllll!
Noodle_NaniSuperbacker
over 5 years ago
It's time for the final push, hope we get there!
Paul Volk
over 5 years ago
congrats on the staff pick and getting to #4 on the graphic novels ranking! https://www.kickstarter.com/discover/categories/comics/graphic%20novels?ref=category
Kris Cahill
over 5 years ago
Congratulations on your launch, and on being a staff pick! This is great, and your project looks amazing. Good luck to you!
Dina Lawrence
over 5 years ago
Super excited to see this book in real life. Can't wait to hold it in my hands! Good luck, guys!",15
259,2092471977,"Only backers can post comments. Log in
No comments yet.",0
260,2080353391,"Only backers can post comments. Log in
No comments yet.",0
261,1796793012,"Only backers can post comments. Log in
No comments yet.",0
262,387943999,"Only backers can post comments. Log in
melissaCreator
over 6 years ago
A few more performances coming up. And I have a school on board. Whats next....
melissaCreator
over 6 years ago
Facebook page has already reached 130 likes. Really looking to grow that number over the next few weeks.
melissaCreator
over 6 years ago
We will be performing at Peace Gardens Summer Festival on the 30th of november.
Great place to display our talents and get our name out there.
melissaCreator
over 6 years ago
Homeofpoi.com has donated $300nz for fire and spinning gear. Thank you so much for your generous support.
melissaCreator
over 6 years ago
2nd backer. You are amazing. Thank you for believing in this project.
melissaCreator
over 6 years ago
So lucky to get my first backer. $500 towards this great project.",6
263,416247417,"Only backers can post comments. Log in
No comments yet.",0
264,848902477,"Only backers can post comments. Log in
SavvySuperbacker
over 1 year ago
Thank you so so so so so much! I got back from a long and horrendous day at work to find my book came in! Love it so much! It immediately brightened up my day! <3
Thank you a million times over!
J. A.Superbacker
over 1 year ago
Any news here?
Val HochbergCreator
over 1 year ago
I've got a lot of the books packaged and ready to ship in my house! They'll be starting to go out next week, once I'm back from San Diego Comic-Con. I'll do a proper Kickstarter Update once they are starting to go out so you know for sure. The backers with commission rewards will be slowly going out, as I'll be mailing them as I finish the artwork.
Rene WilliamsSuperbacker
almost 2 years ago
Hi. Any idea when we can get the digital edition (or the mail address it's due from if I'm trawling my spam)
Jonathan BurgersSuperbacker
almost 2 years ago
Read my volume Thursday night in one sitting. I knew the art would be great,obviously, but i was so impressed by the writing. I buy a lot of self published/indie/kickstarter books, and unfortunately the writing is often not the best. This was excellent, from dialogue to story beats to pacing. Just wanted to say great job and I'm looking forward to the next volume!
Dean Mulyk
almost 2 years ago
Hi. Can we get a quick update. Thanks. :)
J. A.Superbacker
about 2 years ago
Please update
Val HochbergCreator
about 2 years ago
No real update just yet! Books are at the printers, getting printed!
Waiting on my first sample copies! :D
Radpuppeteer
about 2 years ago
Congratulations on getting the project funded! :D
SavvySuperbacker
about 2 years ago
Yay! We did it! :D
Silver Olson
about 2 years ago
YEAH YEAH YEAH YEAH YEAH
SavvySuperbacker
about 2 years ago
Really hope we hit goal! This looks really cool!
Silver Olson
about 2 years ago
I'm really excited about this!! These are great tiers of backer rewards, and I -really- like the stretch goals! ~mystery~
Val HochbergCreator
about 2 years ago
Ahahaha! Always *on brand!*
SavvySuperbacker
about 2 years ago
Just backed! What I saw on the campaign page looks good; I am looking forward to the book!
Val HochbergCreator
about 2 years ago
Thank you so much!! â™¥
YES! Fingers crossed we meet the goal! :D
Katelyn McCaigue
about 2 years ago
Congrats on the new campaign launch! Jumped on this real quick hahaha
Val HochbergCreator
about 2 years ago
YAY! THANK YOU SO MUCH KATELYN!!!! â™¥_â™¥",18
265,1362089891,"Only backers can post comments. Log in
Jim & Corinne Van Meter
over 5 years ago
So happy for you both!! Looking forward to the journey...it's going to be great!!!
Ryan Stockstad
over 5 years ago
Congratulations!
Ryan Stockstad
over 5 years ago
Can't wait to see this. Good luck!
Arno
over 5 years ago
Glad to be part of this (again ;-)!
Keep up the great work. Looking forward to seeing the full movie.",4
266,878378886,"Only backers can post comments. Log in
No comments yet.",0
267,673767070,"Only backers can post comments. Log in
No comments yet.",0
268,1621860068,"Only backers can post comments. Log in
Meaghan Paparozzi
over 3 years ago
YAY! I know you will do a great job to bring awareness to the public.",1
269,1170504546,"Only backers can post comments. Log in
Becci Neal (Jackson Harley's fave aunt)
about 4 years ago
Way to go!...Glad you were able to get this funded and I look forward to seeing the final product.
JH's Favorite Aunt Becci :)
This person has canceled their pledge. Show the comment.
Konstantin Othmer
over 4 years ago
Congrats on hitting your goal in four days! Can't wait to see what you come up with.",3
270,841194298,"Only backers can post comments. Log in
No comments yet.",0
271,1830749424,"Only backers can post comments. Log in
No comments yet.",0
272,437598469,"Only backers can post comments. Log in
Gopakumar R. P.
about 4 years ago
Congratulations! . All the very best!
Christine Rowley
about 4 years ago
Very glad that this project has been funded . So looking forward to seeing it come to fruition in the wonderful Birmingham museum and art gallery
Libby Toews
about 4 years ago
Congratulations,!
This is a fascinating project . Best of luck!
Libby Toews
about 4 years ago
Congratulations,!
This is a fascinating project . Best of luck!
Dave West
about 4 years ago
Congratulations! I'm looking forward to experiencing the results of the project.
Kiki van Gurp
about 4 years ago
Great to hear the project is fully funded and good luck with making it a reality!
This user's account has been deleted.",7
273,1683349058,"Only backers can post comments. Log in
Jon Geruntho
almost 8 years ago
Mansion on the Hill!!!!!",1
274,1687340827,"Only backers can post comments. Log in
No comments yet.",0
275,1966192416,"Only backers can post comments. Log in
No comments yet.",0
276,1977235282,"Only backers can post comments. Log in
No comments yet.",0
277,1288121081,"Only backers can post comments. Log in
AlfredSuperbacker
over 3 years ago
I have to say guys, I've been playing the album all week for my wife and I and we are loving the music, the album was well worth the wait! Thanks again!
AlfredSuperbacker
over 3 years ago
The May, June and July delivery promises have all missed their deadlines. Any new update or new promise of a delivery deadline would be appreciated.
AlfredSuperbacker
over 3 years ago
Checking in again, any update?
P McKenna
almost 4 years ago
Looking forward to this!
AlfredSuperbacker
almost 4 years ago
Hey guys...any update?
AlfredSuperbacker
almost 4 years ago
Any update?
Judith Guotill
over 4 years ago
My name is spelled ""Guptill"", my type error.
Judith Guotill
over 4 years ago
I am so excited that you reached your goal. I CAN NOT WAIT to hear the CD.",8
278,1264418875,"Only backers can post comments. Log in
No comments yet.",0
279,688939259,"Only backers can post comments. Log in
No comments yet.",0
280,121069450,"Only backers can post comments. Log in
No comments yet.",0
281,501195398,"Only backers can post comments. Log in
No comments yet.",0
282,408180800,"Only backers can post comments. Log in
WoodChiCollaborator
over 2 years ago
@Mel me too! So glad these three can stay together since they came along at the same time :D
WoodChiCollaborator
over 2 years ago
Well, itâ€™s very cool that we funded - thank you to all you tremendous and foresightful patrons :)
Mel Reguera
over 2 years ago
Amazing!!! I am really happy we made it ^^
Playing Grounded, Ltd.Creator
over 2 years ago
Thanks @Brian, we hope so too!! It's a pretty tense moment ðŸ˜…
Brian
over 2 years ago
Congrats! Hopefully the Woodspookle will get unlocked before the end :D
WoodChiCollaborator
over 2 years ago
Hi Brian! Itâ€™s an honour to see you here :) Missed the Woodspookle by a spook-gnatâ€™s whisker but weâ€™re consulting a reliable Hedge Witch to see what flavour soup would attract it back best.
WoodChiCollaborator
over 2 years ago
Iâ€™ve been working on the 12 Days of Hearthsgiving design, inking away, and Iâ€™m pleased to say that Iâ€™ve done the 1st stage inks. Now Iâ€™m cleaning up those inks and making each line and feature just how I want it. Yep. Iâ€™m a bit of a perfectionist.
Playing Grounded, Ltd.Creator
over 2 years ago
We've uploaded a new banner for the project with the new added incentives ðŸ˜‰
Playing Grounded, Ltd.Creator
over 2 years ago
We're now less than $300 away from unlocking that 1st stretch goal, keep up the good work everyone ðŸ˜
WoodChiCollaborator
over 2 years ago
so cool.
WoodChiCollaborator
over 2 years ago
Both excellent choices of soup!
Playing Grounded, Ltd.Creator
over 2 years ago
Now let's see if we can get that little Woodspookle to reveal herself!
WoodChiCollaborator
over 2 years ago
Yes indeed! .. ðŸµ
Playing Grounded, Ltd.Creator
over 2 years ago
Congratulations Everyone, You did it, and we're so grateful to all of You!! Next up the Dragonetti Woodspookle. We'll be sharing more about this elusive little beast in our next update in the coming days. Now let's see if we can catch her! ðŸ˜Š
Showing 3 of 4 replies
Load previous replies
WoodChiCollaborator
over 2 years ago
The Woodspookle is quite elusive at the best of times .. apparently the best way we can lure her is with soup .. but what flavour do you think?
Playing Grounded, Ltd.Creator
over 2 years ago
Perhaps a savory lentil or baked potato with cheddar cheese? Yum!! ðŸ˜‹
Mel Reguera
over 2 years ago
Uhm..., baked potato with cheddar cheese!!! :D
Playing Grounded, Ltd.Creator
over 2 years ago
Oh boy!! Just another $31 dollars to go. ðŸ˜
Playing Grounded, Ltd.Creator
over 2 years ago
@Mel, it's always a pleasure to see you ðŸ˜Š and we think you'll like the update. We're trying something a little different by adding some fun and factual information about the Woodchi World, so you can learn a little more about the story behind it's creation.~Eric
Mel Reguera
over 2 years ago
That sounds amazing!!! It is always a pleasure to be part of your projects, so unique and magical and Woodchi World is quite a beautiful and lovely place I am sure all we, the backers, will be happy to know more about it ^^
Mel
WoodChiCollaborator
over 2 years ago
ðŸ˜Š
Playing Grounded, Ltd.Creator
over 2 years ago
3/4 funded!! Thank you Everybody for pledging and pushing us further toward that goal of getting these rewards made. Just a quick note, you can expect that first update Thursday. See you tomorrow.~Eric
Mel Reguera
over 2 years ago
Great!!!! I am happy to be avaible to contribute this time ^^ Can't wait for that first update!!!
WoodChiCollaborator
over 2 years ago
Hi @Mel, Iâ€™m happy and honoured to see you here - thank you :)
WoodChiCollaborator
over 2 years ago
Oh .. and Iâ€™ll see you in the updates too ðŸ˜
WoodChiCollaborator
over 2 years ago
Hi everyone too! - Just to let you know Iâ€™m lurking as well. Iâ€™m very grateful to you early backers for relieving potential levels of stress about the campaign by pledging early :) Thank you!
Playing Grounded, Ltd.Creator
over 2 years ago
Hi Everyone, we want to thank you for all for being here, and for being part of the Woodchi campaign. We're off to a pretty good start, over half way funded, moving through our second day of the project. We've got plenty more and store, and our first update is on the way. We're here any questions or want to drop in on the comments. ~Lara",28
283,1818906996,"Only backers can post comments. Log in
No comments yet.",0
284,1065030822,"Only backers can post comments. Log in
No comments yet.",0
285,1695614770,"Only backers can post comments. Log in
No comments yet.",0
286,1990885309,"Only backers can post comments. Log in
No comments yet.",0
287,1526127826,"Only backers can post comments. Log in
Jake LoetermanCreator
over 8 years ago
Thanks for your support guys!
Justin Kazmark
over 8 years ago
Congrats!
Daniella Jaeger
over 8 years ago
Fun!!!!",3
288,1522471664,"Only backers can post comments. Log in
David JacksonCreator
over 5 years ago
Thanks so much to our latest backers.",1
289,1687554010,"Only backers can post comments. Log in
David PichardoSuperbacker
over 1 year ago
Hello Dr. RenÃ©,
Could You please answer me if the catalogue of Ulm Magazine it will republished in 2020 with Lars MÃ¼ller? And your book with other author about 100 classic Design books (german/deuscht)it Will be available for purchase in Amazon US soon? Your blog is very good.
Regards
P. A.
R. Gopakumar
over 1 year ago
I'm very glad to be a part of this project.
Please find my name details
Gopakumar, R, Artist, Kerala, India",2
290,824032314,"Only backers can post comments. Log in
No comments yet.",0
291,1034200812,"Only backers can post comments. Log in
No comments yet.",0
292,1120229089,"Only backers can post comments. Log in
Rosario Speranza
over 4 years ago
Molto interessante, spero ce la facciate!",1
293,863199110,"Only backers can post comments. Log in
No comments yet.",0
294,2044565210,"Only backers can post comments. Log in
No comments yet.",0
295,1080231048,"Only backers can post comments. Log in
No comments yet.",0
296,1595151990,"Only backers can post comments. Log in
Mark Higgins
almost 6 years ago
Woo woo nice work Rosh and Madison! Really pleased to see this getting the $$ it deserves.
Vida Mathis
almost 6 years ago
I am so excited about this wonderful project!
Kelly Harris
almost 6 years ago
Can't wait to see this!!!
claudia kessel
almost 6 years ago
A great project with an important goal!",4
297,392095940,"Only backers can post comments. Log in
No comments yet.",0
298,1810478887,"Only backers can post comments. Log in
Leonardo Filoni
almost 2 years ago
If you do not want to correct the mistake you have made, at least you can pay me back the $ 70 difference?
Leonardo Filoni
almost 2 years ago
It's been almost a month since I confirmed the address, when will you send my dual signed copy?
Avatar PressCreator
almost 2 years ago
Alex - we'll follow up via PM, just need to confirm address and you are out the door!
Alex Starcrash
almost 2 years ago
Thank you for the prompt response. Looking forward to the books--and the upcoming Stitched Terror release!!!
Alex Starcrash
almost 2 years ago
I've received my package now. What an incredible haul! The Burrows remarks are magnificent (including the Cthulhu profile drawing). Moore's signatures are crystal clear. The certificates of authenticity are great--and a pleasure to have Mr. Christensen's sig as well, as I'm truly a fan of the titles you produce. Speaking of, these titles will look fantastic alongside my signed Crossed hardcovers, signed Black Summer and No Hero, and of course my signed Neonomicon Hornbook.
Thanks for bringing this to an immensely satisfying conclusion.
Alex Starcrash
almost 2 years ago
Hi there,
I contacted you about a week ago via PM to learn about an update on my order.
You said in November that you'd have the CGC graded book shortly, but we're coming up on a half a year since then. I'm wondering if there's a fulfillment plan, or if you can issue me a refund.
Thanks,
Alex
Avatar PressCreator
almost 2 years ago
Jonathan - we'll reach out via PM
Leonardo - no idea what you are talking about, we are responding to your PM now.
Leonardo Filoni
almost 2 years ago
Ok, ""Last login Mar 11 2019"" so do you access to this page, can you respond to our emails? Please
JonathanSuperbacker
almost 2 years ago
Hello, If Iâ€™m not gonna get my books that I waited years for, can I have a refund? Seriously bad communication and no updates about my order for months.
JonathanSuperbacker
about 2 years ago
Iâ€™m wondering if there is an update about my 259$ pledge, been waiting for a long time but no update.
Avatar PressCreator
about 2 years ago
Indigo and Chris - So glad to hear it, and even better to hear you are happy! Thanks so much for your support!
Indigo Roth
about 2 years ago
Just received my MASTERS OF AKLO set, a little later than others, but worth the wait. It looks terrific! Thanks for taking time to do it right.
Indigo Roth
about 2 years ago
And by some miracle it sailed through UK customs without incurring import duty. That would have been a hefty extra bill. So again, I'm delighted!
Chris Downs
about 2 years ago
Mine too, although I think it might be because books and comics are exempt for some reason. But donâ€™t quote me on that...
JonathanSuperbacker
about 2 years ago
Hello,
I sent a private message but didnâ€™t get a reply, when will I receive my package or if there is any update. Thanks,
Jonathan
Avatar PressCreator
about 2 years ago
Sorry, we are a day behind on replying. We'll take a look at PM you back.
Florian SSuperbacker
about 2 years ago
My Embrace the Darkness slipcase set arrived today in Germany. Vielen Dank
Avatar PressCreator
about 2 years ago
Awesome! Enjoy!
Luca P
about 2 years ago
Master of Aklo set received today in Italy. It looks awesome. Have faith all you who are still waiting ;)
Avatar PressCreator
about 2 years ago
Luca - so glad to hear it!
Steven Diaz
about 2 years ago
Received my Master of Aklo set on christmas eve. Everything came in beautiful condition! The art book is gorgeous and the slipcase is wonderful. I plan on framing my remarqued copy of The Courtyard, thank you guys soo much!
Avatar PressCreator
about 2 years ago
So glad to hear you enjoy it!
Avatar PressCreator
about 2 years ago
Will - just about! You are indeed part of the final wave, which are shipping in the next week or so. Soon as you go, tracking will be emailed over. Thanks for your patience!
Will O'Connor
about 2 years ago
Hi, still haven't recieved anything - can you check if I'm last!
Avatar PressCreator
over 2 years ago
Craig - Delighted to hear that! Thanks for your support and patience!
Craig Pywell
over 2 years ago
Arrived in Australia in perfect condition.
A beautiful work of art.
Thank you to all involved.
:)
Avatar PressCreator
over 2 years ago
Indigo - Just got your PM and replied with an update, thanks!
Indigo Roth
over 2 years ago
Hi all, I received your mail about the lack of the encapsulated CGC Leather books for the MASTERS OF AKLO set. I opted to wait, but a month has passed and no news. Where are we now, please? Thanks!
Avatar PressCreator
over 2 years ago
Will - we are just getting caught up on DMs, sent you a note, thanks.
WillSuperbacker
over 2 years ago
Could i get an update on my shipping? Sent a DM but not got a reply yet.
Daniel Ripley
over 2 years ago
Received in Saskatoon, Saskatchewan. Everything was in fine condition. The books look spectacular. Thanks!!
Avatar PressCreator
over 2 years ago
So glad to hear it! Thanks for the support!
Avatar PressCreator
over 2 years ago
Andrew - we will send you a direct message, if you never got your digital then we don't even have your correct email.
Andrew Perston
over 2 years ago
Hi
I backed this on kickstarter and as yet have received nothing nor any notification tracking details or msg to say my items have shipped
my backer number is 462 please can you let me know whats happening as ive been waiting for a long time
cheers
Showing 25 of 416 comments
Load more",422
299,983631585,"Only backers can post comments. Log in
No comments yet.",0
